rho,bact
-0.39813811388606746,MFI_zeta_spleen
0.5376462986439816,cell_spleen
0.7254117395526752,spleen_weight
0.7775608278881302,MDSC_GR1_spleen
0.8124826638869004,MDSC_GR1_bm
